{"cameraMode":{"drawMode":0,"name":"Shaded","section":"Shading Mode"},"sceneLighting":true,"audioPlay":false,"sceneViewState":{"showFog":true,"showMaterialUpdate":true,"showSkybox":true,"showFlares":true,"showImageEffects":true,"showParticleSystems":true},"in2DMode":false,"pivot":{"x":0.151123046875,"y":0.58642578125,"z":0.30078125},"rotation":{"x":0.0354909747838974,"y":0.9191458821296692,"z":-0.08516885340213776,"w":0.3829829692840576},"size":2.9734694957733156,"orthographic":true}