{"cameraMode":{"drawMode":0,"name":"Shaded","section":"Shading Mode"},"sceneLighting":true,"audioPlay":false,"sceneViewState":{"showFog":true,"showMaterialUpdate":true,"showSkybox":true,"showFlares":true,"showImageEffects":true,"showParticleSystems":true},"in2DMode":false,"pivot":{"x":0.151123046875,"y":0.58642578125,"z":0.30078125},"rotation":{"x":0.029820801690220834,"y":0.9576731324195862,"z":-0.10761041194200516,"w":0.2653490900993347},"size":2.7506327629089357,"orthographic":true}